"CustomerID","NameStyle","Title","FirstName","MiddleName","LastName","Suffix","CompanyName","SalesPerson","EmailAddress","Phone","PasswordHash","PasswordSalt","rowguid","ModifiedDate"
"1","0","Mr.","Orlando","N.","Gee","","A Bike Store","adventure-works\pamela0","orlando0@adventure-works.com","245-555-0173","L/Rlwxzp4w7RWmEgXX+/A7cXaePEPcp+KwQhl2fJL7w=","1KjXYs4=","3F5AE95E-B87D-4AED-95B4-C3797AFCB74F","2005-08-01 00:00:00"
"2","0","Mr.","Keith","","Harris","","Progressive Sports","adventure-works\david8","keith0@adventure-works.com","170-555-0127","YPdtRdvqeAhj6wyxEsFdshBDNXxkCXn+CRgbvJItknw=","fs1ZGhY=","E552F657-A9AF-4A7D-A645-C429D6E02491","2006-08-01 00:00:00"
"3","0","Ms.","Donna","F.","Carreras","","Advanced Bike Components","adventure-works\jillian0","donna0@adventure-works.com","279-555-0130","LNoK27abGQo48gGue3EBV/UrlYSToV0/s87dCRV7uJk=","YTNH5Rw=","130774B1-DB21-4EF3-98C8-C104BCD6ED6D","2005-09-01 00:00:00"
"4","0","Ms.","Janet","M.","Gates","","Modular Cycle Systems","adventure-works\jillian0","janet1@adventure-works.com","710-555-0173","ElzTpSNbUW1Ut+L5cWlfR7MF6nBZia8WpmGaQPjLOJA=","nm7D5e4=","FF862851-1DAA-4044-BE7C-3E85583C054D","2006-07-01 00:00:00"
"5","0","Mr.","Lucy","","Harrington","","Metropolitan Sports Supply","adventure-works\shu0","lucy0@adventure-works.com","828-555-0186","KJqV15wsX3PG8TS5GSddp6LFFVdd3CoRftZM/tP0+R4=","cNFKU4w=","83905BDC-6F5E-4F71-B162-C98DA069F38A","2006-09-01 00:00:00"
"6","0","Ms.","Rosmarie","J.","Carroll","","Aerobic Exercise Company","adventure-works\linda3","rosmarie0@adventure-works.com","244-555-0112","OKT0scizCdIzymHHOtyJKQiC/fCILSooSZ8dQ2Y34VM=","ihWf50M=","1A92DF88-BFA2-467D-BD54-FCB9E647FDD7","2007-09-01 00:00:00"
"7","0","Mr.","Dominic","P.","Gash","","Associated Bikes","adventure-works\shu0","dominic0@adventure-works.com","192-555-0173","ZccoP/jZGQm+Xpzc7RKwDhS11YFNybwcPVRYTSNcnSg=","sPoUBSQ=","03E9273E-B193-448E-9823-FE0C44AEED78","2006-07-01 00:00:00"
"10","0","Ms.","Kathleen","M.","Garza","","Rural Cycle Emporium","adventure-works\josé1","kathleen0@adventure-works.com","150-555-0127","Qa3aMCxNbVLGrc0b99KsbQqiVgwYDfHcsK9GZSUxcTM=","Ls05W3g=","CDB6698D-2FF1-4FBA-8F22-60AD1D11DABD","2006-09-01 00:00:00"
"11","0","Ms.","Katherine","","Harding","","Sharp Bikes","adventure-works\josé1","katherine0@adventure-works.com","926-555-0159","uRlorVzDGNJIX9I+ehTlRK+liT4UKRgWhApJgUMC2d4=","jpHKbqE=","750F3495-59C4-48A0-80E1-E37EC60E77D9","2005-08-01 00:00:00"
"12","0","Mr.","Johnny","A.","Caprio","Jr.","Bikes and Motorbikes","adventure-works\garrett1","johnny0@adventure-works.com","112-555-0191","jtF9jBoFYeJTaET7x+eJDkd7BzMz15Wo9odbGPBaIak=","wVLnvHo=","947BCAF1-1F32-44F3-B9C3-0011F95FBE54","2006-08-01 00:00:00"
"16","0","Mr.","Christopher","R.","Beck","Jr.","Bulk Discount Store","adventure-works\jae0","christopher1@adventure-works.com","1 (11) 500 555-0132","sKt9daCzEEKWAzivEGPOp8tmaM1R3I+aJfcBjzJRFLo=","8KfYx/4=","C9381589-D31C-4EFE-8978-8D3449EB1F0F","2006-09-01 00:00:00"
"18","0","Mr.","David","J.","Liu","","Catalog Store","adventure-works\michael9","david20@adventure-works.com","440-555-0132","61zeTkO+eI5g8GG0swny8Wp/6GzZMFnT71fnW4lTHNY=","c7Ttvv0=","C04D6B4D-94C6-4C5C-A44C-B449C0AC1B45","2005-08-01 00:00:00"
"19","0","Mr.","John","A.","Beaver","","Center Cycle Shop","adventure-works\pamela0","john8@adventure-works.com","521-555-0195","DzbqWX7B3EK5Dub92CKHYSUGKGbZCbrcVDpVe/xyBeI=","zXNgrJw=","69AE5D43-31BE-4B76-BFBB-5A23C4788BBC","2007-04-01 00:00:00"
"20","0","Ms.","Jean","P.","Handley","","Central Discount Store","adventure-works\david8","jean1@adventure-works.com","582-555-0113","o1GVo3vExeNzo0/ctdRGf2eDK3uzTlcUbr18tN+Slf8=","uMsvfdo=","E010C10A-F1C3-4BBA-81CA-A7E083350400","2005-09-01 00:00:00"
"21","0","","Jinghao","","Liu","","Chic Department Stores","adventure-works\jillian0","jinghao1@adventure-works.com","928-555-0116","IaD5AeqK9mRiIrJi/etZGVO6EiybLf/oksA2CqrpoJ0=","p6pOqKc=","564E0B42-4609-43DE-9881-914DA433D82D","2006-09-01 00:00:00"
"22","0","Ms.","Linda","E.","Burnett","","Travel Systems","adventure-works\jillian0","linda4@adventure-works.com","121-555-0121","23AwhujCoXYSPiN/B+G8Z9rk36xl35EbdLT7akTMTqU=","SmyIPjE=","9774AED6-D673-412D-B481-2573E470B478","2005-08-01 00:00:00"
"23","0","Mr.","Kerim","","Hanif","","Bike World","adventure-works\shu0","kerim0@adventure-works.com","216-555-0122","d0WSjosAd7Y3XOWjNAkoTClCb50vwPuAawOSI1iosgs=","33g5co8=","733F8250-3251-4C2A-8C85-C285BB76B7B4","2006-09-01 00:00:00"
"24","0","Mr.","Kevin","","Liu","","Eastside Department Store","adventure-works\linda3","kevin5@adventure-works.com","926-555-0164","ylTpkIOHKLcjihNjS0j/k10eOHOsWQMNhlbuOCp+UTY=","TgZnUOg=","C111E51D-178D-4DBD-A6FF-F1CCBF4B1AAD","2006-09-01 00:00:00"
"25","0","Mr.","Donald","L.","Blanton","","Coalition Bike Company","adventure-works\shu0","donald0@adventure-works.com","357-555-0161","pKYDelLBOZMO98GBzhMxBSzzE0gUYKx9dXzYTYNuBgw=","jKtOaOw=","31D03546-FB2A-4488-890E-4709A659E3F0","2006-09-01 00:00:00"
"28","0","Ms.","Jackie","E.","Blackwell","","Commuter Bicycle Store","adventure-works\josé1","jackie0@adventure-works.com","972-555-0163","wqhgKfOTfef4Zo3cb6FwsFzvG/yCVstuYh3AuwjRszQ=","SZ+r60o=","9B8A04A4-D909-4F49-B1C5-3DE317D69B2A","2007-08-01 00:00:00"
"29","0","Mr.","Bryan","","Hamilton","","Cross-Country Riding Supplies","adventure-works\josé1","bryan2@adventure-works.com","344-555-0144","ftRWIIT4oF+if+ddn1ROYXHw6PAooKFX3uALZ0uEU98=","IRNPDIw=","ECA7C8FA-490B-4B97-9C32-043C90F789E8","2005-08-01 00:00:00"
"30","0","Mr.","Todd","R.","Logan","","Cycle Merchants","adventure-works\garrett1","todd0@adventure-works.com","783-555-0110","FV6z03ywMJOumcU+TEoL/Z/s4YP2fe8B3MJUUTA0CHU=","mFRhaEg=","2B15DFB1-831E-49E7-B337-395798B129E7","2006-09-01 00:00:00"
"34","0","Ms.","Barbara","J.","German","","Cycles Wholesaler & Mfg.","adventure-works\jae0","barbara4@adventure-works.com","1 (11) 500 555-0181","2Pyd3S3Os61yt+lfSjMgSDNwT1LL4Qs51m1ob42We40=","Jvsxxrg=","9EDDA794-7862-4FF4-B8E2-528847CAB2BD","2007-07-01 00:00:00"
"37","0","Mr.","Jim","","Geist","","Two Bike Shops","adventure-works\pamela0","jim1@adventure-works.com","724-555-0161","cvqeC4fJcKwJ9jlluiWvK5/MyuSi8neLnjFDGdvzJy4=","ot8WcXk=","C6EBB29A-CC67-459C-90E3-339E0F912906","2006-09-01 00:00:00"
"38","0","Ms.","Betty","M.","Haines","","Finer Mart","adventure-works\david8","betty0@adventure-works.com","867-555-0114","Q/nGAVzOO1ZT/4+BQ1kwltqQyzycLA2GGmDmBBxLMnM=","6IvcbVg=","E5EDA3F3-4EF1-4806-BD36-E61F3CB2E044","2007-09-01 00:00:00"
"39","0","Ms.","Sharon","J.","Looney","","Fitness Hotel","adventure-works\jillian0","sharon2@adventure-works.com","377-555-0132","Uo3kAuNh936QfPTIfPt6I6Z3+olLMRu5IC5awuzDaG8=","uHgb0IU=","6808B1ED-3C9A-401D-B284-9AC31166D9EB","2006-09-01 00:00:00"
"40","0","Mr.","Darren","","Gehring","","Journey Sporting Goods","adventure-works\jillian0","darren0@adventure-works.com","417-555-0182","kqptixZ7LqTuOKcc7ylpabWrgWr5BDXa2fpkDxEwaCY=","Xe7grug=","AA5E28F6-16C8-4D80-894E-17531F2CF972","2005-08-01 00:00:00"
"41","0","Ms.","Erin","M.","Hagens","","Distant Inn","adventure-works\shu0","erin1@adventure-works.com","244-555-0127","92Sfw/bl0dUJO9SAfoKn452VJcstSo2lgAbSPk97nRA=","8soIcx8=","E1BA20ED-DA19-4392-A8A8-C2E670438FFB","2006-07-01 00:00:00"
"42","0","Mr.","Jeremy","","Los","","Healthy Activity Store","adventure-works\linda3","jeremy0@adventure-works.com","911-555-0165","jLMkpmNutZFzWw7sSWZeqd91vtlRwaWx2Ub21mhsvlU=","JK9/WX8=","64ACD300-337D-4D39-A2C4-FD5972611934","2006-07-01 00:00:00"
"43","0","Ms.","Elsa","","Leavitt","","Frugal Bike Shop","adventure-works\shu0","elsa0@adventure-works.com","482-555-0174","BmJaM+147GrhU00kNTtaTolp0EJcarJK/SCfew4ZiYA=","YADhpPo=","9E449D3E-5D79-4F65-A4F1-10DD3B0E0766","2006-08-01 00:00:00"
"46","0","Mr.","David","O","Lawrence","","Gear-Shift Bikes Limited","adventure-works\josé1","david19@adventure-works.com","653-555-0159","HyZexVTTLfKfhx/Sb+XHQb4vta2LC1FD3OYIkpmzMlQ=","/kc6RdY=","21849ECF-88C2-4574-89D5-397B84DF1D0F","2006-12-01 00:00:00"
"47","0","Ms.","Hattie","J.","Haemon","","Greater Bike Store","adventure-works\josé1","hattie0@adventure-works.com","141-555-0172","RLemw98UkhyklI9z6Kx01t3fpE6z6E9v5GdRReTdOIY=","8n38uVg=","0D9ABE85-D952-432D-831A-8BEB7F4E49D0","2005-09-01 00:00:00"
"48","0","Ms.","Anita","R.","Lucerne","","Grand Industries","adventure-works\garrett1","anita0@adventure-works.com","164-555-0118","YYTwMHBzX9ZM2XoYAzTo7bVfsHm05BO3Sl1+sokcRjM=","Zb6O1a0=","E656589A-198F-454F-B02F-9CE324457BDF","2007-09-01 00:00:00"
"52","0","Ms.","Rebecca","","Laszlo","","Instruments and Parts Company","adventure-works\jae0","rebecca2@adventure-works.com","1 (11) 500 555-0155","ox4SPBzzVPKyCVoIcZvkdVLtnQlKoDXCciBGcqVAfrI=","n7ydrrc=","8FB34B30-B19D-4AEC-B02E-F1BE942800E5","2007-09-01 00:00:00"
"55","0","Mr.","Eric","","Lang","","Kickstands and Accessories Company","adventure-works\pamela0","eric6@adventure-works.com","932-555-0163","katp5sn21ZqJq5Z26YRBk9XXP3iFjpsX7tNPYAAxZlI=","xw9RymE=","F5D3997B-AD06-46A0-94AF-A4460F4BE471","2007-09-01 00:00:00"
"56","0","Mr.","Brian","","Groth","","Latest Accessories Sales","adventure-works\david8","brian5@adventure-works.com","461-555-0118","tbk7TwAC5jsqEhFRRIhnL9kPBoTy3XS+EjlReKVp5mw=","hpOsvJU=","570B1682-9BB1-4359-984D-8F728E3D6973","2006-08-01 00:00:00"
"57","0","Ms.","Judy","R.","Lundahl","","Leading Sales & Repair","adventure-works\jillian0","judy1@adventure-works.com","260-555-0130","VzG/BDjkh2mMWAn2eZ/FQDI5/pGurtzdCfxTaCf6zAs=","N5Ajt+s=","7FF17923-E670-4F42-87A3-A6D1AF18EA05","2005-09-01 00:00:00"
"58","0","Mr.","Peter","","Kurniawan","","Largest Bike Store","adventure-works\jillian0","peter4@adventure-works.com","436-555-0160","el1s9e+hWeb+79bwrhU+hxHEyJN+j6tR8vWyKJDZmTs=","QgzjTPU=","E324FEE8-1EE7-4B96-854E-CFDA7B0CBBC8","2005-11-01 00:00:00"
"59","0","Mr.","Douglas","","Groncki","","Locks Company","adventure-works\shu0","douglas2@adventure-works.com","385-555-0140","J9nhrWh6kpc/dGBkN7HRxrrbquy1Rit9UMPv9rbYjBs=","KiAAI5M=","60708606-604C-44BE-90E1-3A0925B8060E","2007-09-01 00:00:00"
"60","0","Mr.","Sean","J.","Lunt","","Main Bicycle Services","adventure-works\linda3","sean4@adventure-works.com","183-555-0111","NCIEHFdWOrgXFDd6SE817buY5XNWSBCQZlOsgOGIP2E=","eK6Wzw0=","A029F31E-433B-4FA4-B442-B291D16A1B9F","2007-09-01 00:00:00"
"61","0","Mr.","Jeffrey","","Kurtz","","Many Bikes Store","adventure-works\shu0","jeffrey3@adventure-works.com","452-555-0179","zn3Nk0+i/zyvxFNh3OziN2Pxa3NfiIlVMJ9Ox86ytao=","5MZXwF4=","CCC53B43-66A6-47F6-A38E-5DD7CFAFEAA6","2006-09-01 00:00:00"
"64","0","Mr.","Vamsi","","Kuppa","","Metal Clearing House","adventure-works\josé1","vamsi1@adventure-works.com","290-555-0196","6p4SZnWdWPrBclHkaWFeooblNWE+Y4VJiuTM9hyonDI=","HaDRSbY=","E6B6F92D-4AC6-4BC7-BF6B-2F3C67498DE7","2007-08-01 00:00:00"
"65","0","Ms.","Jane","P.","Greer","","Metro Manufacturing","adventure-works\josé1","jane2@adventure-works.com","737-555-0163","gCWE10xc3haq9E82Ksvg2GS6WBBD0H0ZF25YAS0CfJ8=","qxbTTkE=","7E082443-8AF6-4BB6-A0F5-1586271D1F2C","2006-08-01 00:00:00"
"66","0","Mr.","Alexander","J.","Deborde","","Neighborhood Store","adventure-works\garrett1","alexander1@adventure-works.com","394-555-0176","QC+He1HXF5uNbU5XqduVyZW0SlvdnAE2jhuD/06ukjE=","Uifpoxw=","E91E0048-9A25-489B-96C1-D726DA68FB7C","2006-08-01 00:00:00"
"70","0","Mr.","Deepak","","Kumar","","Outdoor Aerobic Systems Company","adventure-works\jae0","deepak0@adventure-works.com","1 (11) 500 555-0122","0d3F0pfNxXFKEufM738j3/fA0at2eUlZA8ibqRnMr7M=","6fOTb8g=","89E10B04-064E-4313-8203-91FA98A01B11","2007-08-01 00:00:00"
"73","0","Ms.","Margaret","T.","Krupka","","Outdoor Sports Supply","adventure-works\pamela0","margaret1@adventure-works.com","107-555-0132","dI+A6Ikk6Eh9ypKYxrAEHGdSxjzUhy8bEyDdFjggW9g=","09k9Tis=","9D5C135E-BD60-46E0-B371-843391637827","2005-08-01 00:00:00"
"74","0","Mr.","Christopher","M.","Bright","","Parcel Express Delivery Service","adventure-works\david8","christopher2@adventure-works.com","162-555-0166","jIw8zSChmDX3xmVInKUV46U77LBgW9C5vlIMvK4NqF8=","J9DNyhU=","73485E57-076D-4B10-BB48-6043DD873582","2005-11-01 00:00:00"
"75","0","Ms.","Aidan","","Delaney","","Paint Supply","adventure-works\jillian0","aidan0@adventure-works.com","358-555-0188","6lcVqEc4gGgfW6DsOks/KuDIWIP5qFsrc8sXtmcwj6E=","DKu7/UM=","55CFED0E-1A7B-409C-9AFF-297065965870","2005-09-01 00:00:00"
"76","0","Mr.","James","J.","Krow","","Out-of-the-Way Hotels","adventure-works\jillian0","james11@adventure-works.com","265-555-0190","I2HiduC1LR4LnxkLk1SFZ0OCyPveKfbQ6Q4mjKnPiyA=","PJEpZaA=","5227D299-B05E-4D6C-A1C9-DA63154869BA","2005-09-01 00:00:00"
"77","0","Mr.","Michael","","Brundage","","Mechanical Products Ltd.","adventure-works\shu0","michael13@adventure-works.com","128-555-0148","Ioh5Ss2cXrUAI8DZcSkQ/z92aEmHE0Wxqc6MdggjJQE=","MjQeaAE=","B3F9113C-8FCE-47E1-9F04-38A0C68917C6","2006-08-01 00:00:00"
"78","0","Mr.","Stefan","","Delmarco","","Preferred Bikes","adventure-works\linda3","stefan0@adventure-works.com","819-555-0186","9rOycZRxDntXWB8Y/285x4HS6G2ATNOzhqIhF+oBGqc=","BsI2IB4=","8C8083AB-7943-44FA-B1AD-8E3ABD5D66EE","2005-08-01 00:00:00"
"79","0","Mr.","Mitch","","Kennedy","","Reasonable Bicycle Sales","adventure-works\shu0","mitch0@adventure-works.com","996-555-0192","Re4KikAJLZeLX+pM2Bw7HZNkd5Yyd/vrGB7WhjbYmCo=","lGI5cA0=","010D8AA6-CEBA-4097-9E67-3B2A9674FD5F","2006-08-01 00:00:00"
"82","0","Mr.","James","D.","Kramer","","Refined Department Stores","adventure-works\josé1","james10@adventure-works.com","814-555-0130","8x6bpv0tFDausfY5Z8RQwPKRz3E+N1BszPMzVAsq5kg=","5NcSbeg=","92618ECE-2254-4852-B3B3-46ED2E0E3E1A","2006-07-01 00:00:00"
"83","0","Mr.","Eric","J.","Brumfield","","Requisite Part Supply","adventure-works\josé1","eric3@adventure-works.com","644-555-0114","pd7lPYE+Gn7QnX4l6aMxG6WiRZGpPVsBcJ1kBpXl7pc=","MAOhXKA=","8E01F170-64D3-4B74-82E1-D1691AE9F37C","2005-07-01 00:00:00"
"84","0","Ms.","Della","F.","Demott Jr","","Rewarding Activities Company","adventure-works\garrett1","della0@adventure-works.com","752-555-0185","oR9ACW0ZX4v6zBa57CfhePKM1qmHjgDwNdGaTDAp4io=","966Lz4w=","45A614CE-3137-4A12-8296-24048C18F320","2005-08-01 00:00:00"
"88","0","Ms.","Pamala","M.","Kotc","","Closest Bicycle Store","adventure-works\jae0","pamala0@adventure-works.com","1 (11) 500 555-0173","3nXek8BFNaBhIi8CwSzQOVdo1ZthphI3kGbZTrt6jNM=","/rh9tFs=","11FEDA31-15B6-4F08-9357-355371D4D928","2007-09-01 00:00:00"
"91","0","Ms.","Joy","R.","Koski","","Scooters and Bikes Store","adventure-works\pamela0","joy0@adventure-works.com","810-555-0198","tTeR7tEh6XEQtr0WQ2eXrHrqjsOt2mdihjWZ3c4q50s=","IrqLpXQ=","9F314FC3-9644-4412-A90A-5483F75F665B","2005-09-01 00:00:00"
"92","0","Ms.","Jovita","A.","Carmody","","Sports Commodities","adventure-works\david8","jovita0@adventure-works.com","646-555-0137","d3uGruCihzt7+Dipsh3+fE3iZd/uKCf8sy56xa5chxU=","zmqmiAQ=","672412C3-5D5D-488B-B176-E3DAFAD05D70","2005-09-01 00:00:00"
"93","0","Mr.","Prashanth","","Desai","","Stationary Bikes and Stands","adventure-works\jillian0","prashanth0@adventure-works.com","138-555-0156","AT0SeSL9gTlDL0/MHFMEy5GrEjR12DBF5ag/cyHZpJY=","l32Vf08=","249B42C2-8EAE-49F1-A560-A90837748654","2005-09-01 00:00:00"
"94","0","Mr.","Scott","","Konersmann","","Specialty Sports Store","adventure-works\jillian0","scott6@adventure-works.com","556-555-0192","2WMJfIzZjrB1xeQtjtSTUQfxxeowOV9LmAjmUkH/qP4=","A+rOrG0=","65BE08DA-DFB7-4BC8-AA5C-FAD98B82524E","2006-07-01 00:00:00"
"95","0","Ms.","Jane","N.","Carmichael","","Rural Department Store","adventure-works\shu0","jane0@adventure-works.com","716-555-0167","ZIXjFmD2T/Gf9bPHIkx7X82eU+I86/8p3rmYxWqwtkQ=","BUBjqIQ=","EA0BC621-9466-4F04-BBFF-3B361C6F9057","2007-07-01 00:00:00"
"96","0","Ms.","Bonnie","B.","Lepro","","More Bikes!","adventure-works\linda3","bonnie2@adventure-works.com","354-555-0130","QFcESEnv3fd3s0KxftaNIRbKv6ba7PNXWLVrlx/mrF4=","WVm7PpY=","BAC5B4DA-00B0-4BF1-816A-1E39F676BF9B","2005-09-01 00:00:00"
"97","0","Mr.","Eugene","","Kogan","","Mountain Bike Center","adventure-works\shu0","eugene2@adventure-works.com","136-555-0134","Tp1Zre+rOA0pmlkyosHvuAxhbMWt7UcvCPrAYmXyI+w=","GdsdWsk=","355EB5D8-6B4C-4FFF-B12B-40F89CA4E31D","2006-08-01 00:00:00"
"100","0","Mr.","Kirk","T","King","","Up-To-Date Sports","adventure-works\josé1","kirk2@adventure-works.com","979-555-0163","056V7iOc8FPUiLanlyEqQX6cAWuL0TJ8fQBhX7mEjMU=","b96sfSU=","E789F6DD-3159-4DDC-81A8-8571C571656E","2007-08-01 00:00:00"
"101","0","Mr.","William","J.","Conner","","Urban Sports Emporium","adventure-works\josé1","william1@adventure-works.com","383-555-0111","GZyRS1qyQMxNWXYf0B1uj2nyQjhk4oN+Qv3geEMUy5A=","94SS2WQ=","67AD4F37-2467-4438-A749-D947BEEC3A92","2006-08-01 00:00:00"
"102","0","Ms.","Linda","","Leste","","National Manufacturing","adventure-works\garrett1","linda7@adventure-works.com","493-555-0134","heRwLFQMae6Y0X7+Q7tLrq4gB5sXd8jC7uiIjXlEs6Y=","OHu+9rc=","959CF74B-1004-43F5-9AB7-4CDD482C847D","2005-08-01 00:00:00"
"106","0","Ms.","Andrea","A.","Thomsen","","West Side Mart","adventure-works\jae0","andrea1@adventure-works.com","1 (11) 500 555-0120","LDoJwsGCFLtxVdbdQBbN/to7zFF1skP+hWLrIrCxvAw=","NuexV8w=","AAFBF7D5-8759-4962-9DEB-77C6E22875F4","2007-09-01 00:00:00"
"109","0","Mr.","Daniel","P.","Thompson","","Travel Sports","adventure-works\pamela0","daniel2@adventure-works.com","247-555-0197","DgTXKBbRFAv0jGUCn8yCPgnYQP1JhhVioFj9E1gXCS8=","jcMXc0w=","7585790B-6034-4520-A383-9FA1E8B3E76E","2007-09-01 00:00:00"
"110","0","Ms.","Kendra","N.","Thompson","","Vintage Sport Boutique","adventure-works\david8","kendra0@adventure-works.com","464-555-0188","dBvr8YSJ5D5BzBQ6uCOKmYVG2wDeIf97H4Jh3ePPYHM=","IS71rL8=","82C2F3F0-63B8-46CC-AEDC-3A856956EF04","2007-07-01 00:00:00"
"111","0","Mr.","Scott","A.","Colvin","","Westside Cycle Store","adventure-works\jillian0","scott1@adventure-works.com","119-555-0144","4QoOmH+4/mabhuXqIQnoVm+1MjvTYyAHid9vpNehSxs=","sA8S2v4=","0122151A-9140-4663-A3EB-A442D88BC1BB","2005-12-01 00:00:00"
"112","0","Ms.","Elsie","L.","Lewin","","Town Industries","adventure-works\jillian0","elsie0@adventure-works.com","803-555-0116","sbrtAXJY79C5nTfNaktfR5zn9+uSLMSL26NETFSeEas=","UUwXzgY=","5035E4D6-3758-4FA6-A462-2E2ECF52E6F0","2007-09-01 00:00:00"
"113","0","Mr.","Donald","M.","Thompson","","Trendy Department Stores","adventure-works\shu0","donald1@adventure-works.com","273-555-0111","HfjBjq3HyrYM/vkKe/z2JUvmTeROuQWy7ntzIG/uTNk=","ke7sTgo=","8A84966C-5D38-41CA-990F-AD107558A6B8","2007-09-01 00:00:00"
"114","0","Mr.","John","L.","Colon","","Two Wheels Cycle Store","adventure-works\linda3","john14@adventure-works.com","397-555-0144","9HEZAYB77VjHRd83ZDP94/ugDP0PhvUiIRCi3Cl5y7A=","j6Z6ny8=","BCC5AE61-8214-44A1-A43C-FBD65C3745AE","2005-09-01 00:00:00"
"115","0","Mr.","George","Z.","Li","","Security Racks and Locks Wholesalers","adventure-works\shu0","george3@adventure-works.com","699-555-0183","y3YyySPHg7l+/+LZkIFmyZ7gE+BOIOdPEq+t+oE093g=","4m5UYgM=","080F7047-8396-4CEC-AB43-56CF41DE4E00","2006-08-01 00:00:00"
"118","0","Mr.","Yale","","Li","","Rapid Bikes","adventure-works\josé1","yale0@adventure-works.com","316-555-0138","B2RR480ridZSqURXY3APlxFk13GITW6LDFutGbpSUIs=","5MEUKYU=","5FEAFBD2-4A43-4641-8E94-B3059B2A882E","2005-09-01 00:00:00"
"119","0","Ms.","Phyllis","A.","Thomas","","Red Bicycle Company","adventure-works\josé1","phyllis2@adventure-works.com","667-555-0112","hAXpzsxtYdB4R3XMc08m98BwHHvL0+J6J+y0u7B1ngg=","ycYA+jA=","D13245EF-8267-4CB4-87C9-C23155D33E93","2005-07-01 00:00:00"
"120","0","Mr.","Pat","","Coleman","","Machines & Cycles Store","adventure-works\garrett1","pat2@adventure-works.com","292-555-0128","61UcbVZnGT5eqxs0oFMv4JyipeaQCUZgUZkPgtVNBDo=","7+I+4k4=","25863C18-4C9A-4BC9-BE0D-95F4CF67BF7D","2007-07-01 00:00:00"
"124","0","Ms.","Yuhong","","Li","","Nearby Sporting Goods","adventure-works\jae0","yuhong1@adventure-works.com","1 (11) 500 555-0176","XrcuygOte7eGdTleJOKDmf/XBySqc/0xVbjpIPzMWQA=","R273GbA=","2F614C31-ABAE-42D0-820B-193F0DDC811E","2006-08-01 00:00:00"
"127","0","Mr.","Joseph","M.","Lique","","Front Sporting Goods","adventure-works\pamela0","joseph2@adventure-works.com","119-555-0195","7dnLSdRuWFKBMjmORanIkwGVy3smf5yZI3YxSSyd5/U=","jH5dJh4=","EF55103F-ACC7-4BFD-89B1-20A04845E706","2006-08-01 00:00:00"
"128","0","Ms.","Judy","J.","Thames","","Demand Distributors","adventure-works\david8","judy3@adventure-works.com","799-555-0118","BXs/jMkqmCMJn6V9vWS+iM7P+R0MGu2nmP4SLrJrYCg=","OSnERUk=","03F73E74-8DE5-421E-B5AF-04B259268DD6","2006-06-01 00:00:00"
"129","0","Ms.","Connie","L.","Coffman","","Discount Bicycle Specialists","adventure-works\jillian0","connie0@adventure-works.com","426-555-0181","Wkqdm53a0uim7B/e9+IT0I81uzxMNnh1FBaeXd3nyP0=","3tT/ffQ=","E03DB34C-BF17-407D-9423-FA22DBFDD292","2005-11-01 00:00:00"
"130","0","Mr.","Paulo","H.","Lisboa","","Elite Bikes","adventure-works\jillian0","paulo0@adventure-works.com","380-555-0116","MO2kc8uiSARHp+gxFShJchORmBfhfAz+NC31TDVciS8=","QXbFwBQ=","606ECDC2-6443-4E4B-897F-32D4C17AB894","2006-09-01 00:00:00"
"131","0","Ms.","Vanessa","J.","Tench","","Eighth Bike Store","adventure-works\shu0","vanessa0@adventure-works.com","785-555-0163","qnzSZKGLMJiDzrH9h5VfDojb/pTtQKfZNc7nW7qzQ90=","dPOi278=","ED0DF7CC-6234-4D60-8B81-315C019F5356","2007-08-01 00:00:00"
"132","0","Ms.","Teanna","M.","Cobb","","Another Sporting Goods Company","adventure-works\linda3","teanna0@adventure-works.com","661-555-0168","oDFb9hjhU08th9xeH9bRAY/U7JJTdaLY9NiegJj3vzk=","60Z0AcQ=","7649E8AF-3DAB-43AA-B7DF-9776F84DFB71","2007-08-01 00:00:00"
"133","0","Mr.","Michael","","Graff","","Commercial Sporting Goods","adventure-works\shu0","michael16@adventure-works.com","132-555-0150","NRM1BXnt0/4EDaPuM5qday+BOZANEisKCyGGQqJxXpY=","ewV5lII=","4F61574B-8353-42EC-825C-87896E6E16A4","2006-09-01 00:00:00"
"136","0","Mr.","Derek","","Graham","","Wholesale Parts","adventure-works\josé1","derek0@adventure-works.com","674-555-0187","FJJVccEFyVV8NubSxOFblRtnKqQD221f9AT9xxYTOUA=","8ju6sOA=","84CD4767-F142-4D9D-9033-AD3ADE34BF74","2005-08-01 00:00:00"
"137","0","","Gytis","M","Barzdukas","","Transportation Options","adventure-works\josé1","gytis0@adventure-works.com","257-555-0119","muiJ85PHJTw5ocOM+yS+gq+w8REzzCOfzXZNFyDZniI=","lUNnQso=","D6A1AEE7-25EF-4417-AB10-65BC21661864","2005-11-01 00:00:00"
"138","0","Ms.","Jane","","Clayton","","South Bike Company","adventure-works\garrett1","jane1@adventure-works.com","206-555-0195","o02Imw+gyZX9J1yiTBKYD4M5XlerPqz3usX+v3CsDHA=","PZCGT2g=","91B9EF4B-2FA8-4936-AC71-1FA1B3624D12","2007-08-01 00:00:00"
"142","0","Mr.","Jon","","Grande","","Riding Cycles","adventure-works\jae0","jon1@adventure-works.com","1 (11) 500 555-0114","26rwIeR9oyfo+P6lodeASP/MAC2/tdKFbmFVC5uBRmA=","83inWt0=","B821D13F-E9DB-4A3B-87D0-7E867A161575","2007-09-01 00:00:00"
"145","0","Mr.","Ted","","Bremer","","Raw Materials Inc","adventure-works\pamela0","ted0@adventure-works.com","962-555-0166","mBQHYK00pq9+tDgH7TR6fPrrYQ2drX7/VuuHgkUSOiQ=","MxiyX14=","FEC5609D-042B-4480-B1BA-55F2D4107327","2005-08-01 00:00:00"
"146","0","Mr.","Richard","","Bready","","Latest Sports Equipment","adventure-works\david8","richard1@adventure-works.com","340-555-0131","kOabrc0OqOISR4N3D3FZkOh3yAKQCF/ozSx7G00Kpt0=","jpRF8lY=","5475E9DD-98CA-4989-B7A2-3FC929BEEA12","2005-07-01 00:00:00"
"147","0","Ms.","Alice","","Clark","","Local Hardware Factory","adventure-works\jillian0","alice1@adventure-works.com","221-555-0141","ZZhnNULC5d/7tZv0hUtCl4jKwgyZql8aSrIzlTaTvg0=","hGHOthw=","03836A0B-7AD8-4115-8D23-6EFA0D8DEEA1","2006-09-01 00:00:00"
"148","0","Mr.","Alan","","Brewer","","Lots of Bikes Storehouse","adventure-works\jillian0","alan1@adventure-works.com","494-555-0134","t9ecYoVIOcEiyXvl+noHoCymcRlJij1fzZzXfKeZ/R0=","6ZoXk8E=","79355855-A002-4393-BB6E-36F90913FA4D","2005-11-01 00:00:00"
"149","0","Mr.","Cornelius","L.","Brandon","","Initial Bike Company","adventure-works\shu0","cornelius0@adventure-works.com","229-555-0114","fftjn+fbjvHFJ4bf7rTpLdlCHv61xF+y0ZPKKevQV98=","OzSaq2k=","BAA99D94-2FC2-4A1C-8B67-2C3210EB90C3","2006-09-01 00:00:00"
"150","0","Ms.","Jill","J.","Christie","","Fleet Bikes","adventure-works\linda3","jill1@adventure-works.com","927-555-0198","Vlb2fj7yW2d5JtfPLZvbicsQNEgLhh0b93Uw2pLEBuE=","2cMmc9Y=","285C5DD7-75D6-460D-97BA-AA86D86637C0","2006-08-01 00:00:00"
"151","0","Mr.","Walter","J.","Brian","IV","Futuristic Bikes","adventure-works\shu0","walter0@adventure-works.com","163-555-0155","NN11OHHxrOm6r8lPyhXuBk13QMD+8tph5PIdJ4t0JmY=","PiILPfc=","7F2891F7-DD88-470B-95AE-CC9A7D732B1F","2006-09-01 00:00:00"
"154","0","Mr.","Carlton","M.","Carlisle","","Camping and Sports Store","adventure-works\josé1","carlton0@adventure-works.com","193-555-0116","GJhY98QoDTRmv/6f6RcLwoj2v33jAZopR8AjLor/sqc=","fYgdeM0=","4F60F75E-B20A-4056-874C-B7F3BD33BF3F","2007-09-01 00:00:00"
"155","0","Mr.","Joseph","N.","Castellucio","","Corner Bicycle Supply","adventure-works\josé1","joseph1@adventure-works.com","180-555-0114","NLAR7H8spiCb/C0qY+3qkJm3VuoSOqDw7yspRc1CTTg=","Whn5BXY=","3B56CD66-5DDF-430C-AB41-3FF6A1836868","2005-09-01 00:00:00"
"156","0","Mr.","Lester","J.","Bowman","Sr.","Metal Processing Company","adventure-works\garrett1","lester0@adventure-works.com","844-555-0112","+CFHIbYlE+nsmSbCpJOTLZXChbtYA9JzdSnd1Qejk5g=","w7ec7iI=","CFFFAAFB-98DC-4392-84F9-FB3229F35265","2005-09-01 00:00:00"
"160","0","Ms.","Brigid","F.","Cavendish","","Vigorous Sports Store","adventure-works\jae0","brigid0@adventure-works.com","1 (11) 500 555-0178","20rlqqjWOPLBi7oYKBrHMzouHcYl6OknJcV+yc0zQKo=","QS6UTS4=","B42D510D-3AE4-4911-88CF-8D90D6BD0922","2006-09-01 00:00:00"
